﻿<?xml version="1.0" encoding="utf-8"?>
<adsList randomsort="true"> 
  <ads> 
    <image>http://lh6.ggpht.com/_vAgr69nHNHU/TEqFqgLxBkI/AAAAAAAAAWU/6dqYSM46ssw/QuangCao468x60.jpg</image> 
    <link>http://vnhai.com</link> 
    <target>_blank</target> 
  </ads> 
  <ads> 
    <image>http://lh6.ggpht.com/_vAgr69nHNHU/TJRrNeLwzSI/AAAAAAAAAfg/xSbUPez3a74/topvclip.gif</image> 
    <link>http://vnhai.com</link> 
    <target>_blank</target> 
  </ads> 
  <ads> 
    <image>http://lh3.ggpht.com/_vAgr69nHNHU/TGrI1dYrA3I/AAAAAAAAAdA/Mc_UYduvDVM/KiemTien.gif</image> 
    <link>http://vnhai.com</link> 
    <target>_blank</target> 
  </ads> 
</adsList>
