<?xml version="1.0" encoding="utf-8"?>
<photos>

	<config 
		auto_play="true" 
		auto_play_duration="2.2" 
		tween_duration="0.72" 
		tween_delay="0.14"
		stylesheet="slides/flashmo_224_style.css" 
		bar_status="0">
	</config>
	
	<photo>
		<filename>slides/imgs/flashmo_656x200_01.jpg</filename>
		<description><![CDATA[<p class="subtitle"><a href="http://vnhai.com/info/70/thu-gian-cuoi-tuan-tong-hop.html" target="_parent">Thư Giãn Cuối Tuần</a></p><p>Chương trình Hài <a href="http://vnhai.com/info/70/thu-gian-cuoi-tuan-tong-hop.html" target="_parent">Thư Giãn Cuối Tuần</a> Với kết cấu gồm 3 phần chính: <a href="http://vnhai.com/info/70/thu-gian-cuoi-tuan-tong-hop.html" target="_parent">Copy & Bơm vá</a>, <a href="http://vnhai.com/info/70/thu-gian-cuoi-tuan-tong-hop.html" target="_parent">Hỏi xoáy đáp xoay</a> và kết thúc bắng một <a href="http://vnhai.com/info/70/thu-gian-cuoi-tuan-tong-hop.html" target="_parent">Tiểu phẩm hài</a>, chương trình hứa hẹn sẽ mang đến cho khán giả những giây phút thư giãn, những tiếng cười sảng khoái sau một tuần làm việc căng thẳng và mệt mỏi.</p>]]></description>
		<transition sequence="last" direction="left" slice="5" effect="easeInOutExpo"></transition>
	</photo>
	
	<photo>
		<filename>slides/imgs/flashmo_656x200_02.jpg</filename>
		<description><![CDATA[<p class="subtitle"><a href="http://vnhai.com">Trải nghiệm cộng đồng giải trí mới</a></p><p>Thư giãn sau giờ làm việc căng thẳng: xem phim hài, xem clip hài, hài kịch chất lượng cao tại VNHai.com!</p>]]></description>
		<transition sequence="inner" direction="right" slice="7" effect="easeInOutQuart"></transition>
	</photo>
	

	
	<photo>
		<filename>slides/imgs/flashmo_656x200_03.jpg</filename>
		<description><![CDATA[<p class="subtitle"><a href="http://321dzo.com">Chạng Vạng - Twilight 2008</a></p><p>Nội dung Twilight xoay quanh câu chuyện tình giữa một cô gái trẻ và một chàng trai ma cà rồng. Isabella Swan, 17 tuổi, thường gọi là Bella, từ Phoenix chuyển đến thị trấn nhỏ Forks, Washington sinh sống cùng cha Charlie Swan. Sự có mặt của cô ở đây đã làm các học sinh nam điêu đứng.</p>]]></description>
		<transition sequence="first" direction="down" slice="9" effect="easeInOutQuart"></transition>
	</photo>
	
	
	
	<photo>
		<filename>slides/imgs/flashmo_656x200_04.jpg</filename>
		<description><![CDATA[<p class="subtitle"><a href="http://movie.321dzo.com" target="_parent">Trò Chơi Ảo Giác - TRON: Legacy 2010</a></p><p>TRON Legacy là câu chuyện về một thanh niên trẻ tên là Sam Flynn tiến hành điều tra sự biến mất bí ẩn của cha mình trong thế giới các chương trình và trò chơi ác liệt của các đấu sỹ, nơi cha anh đã sống trong 25 năm qua. Sam Flynn cùng với cha anh, ông Kevin Flynn và một người bạn tâm giao trung thành của Kevin tham gia vào một cuộc hành trình sinh tử trong một vũ trụ ảo giác và càng lên những cấp cao hơn thì càng trở nên cực kỳ nguy hiểm.</p>]]></description>
		<transition direction="right" slice="5" effect="easeInOutQuart"></transition>
	</photo>

	
</photos>