<?xml version="1.0" encoding="UTF-8"?>
<bcaster>
    <item item_url="slides/images/00.jpg" link="http://321dzo.com"/>
    <item item_url="slides/images/01.jpg" link="http://clip.321dzo.com/"/>
    <item item_url="slides/images/02.jpg" link="http://phim.321dzo.com"/>
    <item item_url="slides/images/03.jpg" link="http://movie.321dzo.com"/>
    <item item_url="slides/images/04.jpg" link="http://news.321dzo.com"/>    
    <item item_url="slides/images/05.jpg" link="http://vnhai.com"/>
    <item item_url="slides/images/06.jpg" link="http://tiembanle.com"/>
  	<item item_url="slides/images/07.jpg" link="http://321dzo.com"/> 
    <item item_url="slides/images/08.gif" link="http://music.321dzo.com"/>
  </bcaster>